# Name,   Type, SubType, Offset,   Size
# 16 MB layout for the AMYboard, which is the flash the module actually
# ships with. The 8 MB table's 3 MB slots are not enough once Link 4 and
# the audio engine are in the image, and an OTA that cannot fit is an OTA
# that bricks the update path rather than the firmware.
nvs,      data, nvs,     0x9000,   0x6000
otadata,  data, ota,     0xf000,   0x2000
phy_init, data, phy,     0x11000,  0x1000
ota_0,    app,  ota_0,   0x20000,  0x600000
ota_1,    app,  ota_1,   0x620000, 0x600000
